Email,firstName,lastName,companyName
madhavkaushik1310@gmail.com,Madhav , Kaushik 
sahiba.krp2000@gmail.com,Sahiba, Bano
Bishts2315@gmail.com,Shubham, Bisht
amitk73262@gmail.com,Amit,kumar
abhisax8811@gmail.com,Akash,Saxena
uttamtyagi1010@gmail.com,Uttam,Tyagi
Bishts2315@gmail.com,krishnam,bhist
Sumitvishu1612@gmail.com,Sumit,Vishwakarma
janagokul6@gmail.com,gokul,jana